codigo,Nombre,ACC_deporte_tiempo_TransportePublico,ACC_deporte_tiempo_coche,ACC_educacion_tiempo_TransportePublico_Infantil_Publicos,ACC_educacion_tiempo_TransportePublico_Infantil_PublicosPrivados,ACC_educacion_tiempo_TransportePublico_Preinfantil_Publicos,ACC_educacion_tiempo_TransportePublico_Preinfantil_PublicosPrivados,ACC_educacion_tiempo_TransportePublico_Primaria_Publicos,ACC_educacion_tiempo_TransportePublico_Primaria_PublicosPrivados,ACC_educacion_tiempo_TransportePublico_Secundaria_Publicos,ACC_educacion_tiempo_TransportePublico_Secundaria_PublicosPrivados,ACC_educacion_tiempo_coche_Infantil_Publicos,ACC_educacion_tiempo_coche_Infantil_PublicosPrivados,ACC_educacion_tiempo_coche_Preinfantil_Publicos,ACC_educacion_tiempo_coche_Preinfantil_PublicosPrivados,ACC_educacion_tiempo_coche_Primaria_Publicos,ACC_educacion_tiempo_coche_Primaria_PublicosPrivados,ACC_educacion_tiempo_coche_Secundaria_Publicos,ACC_educacion_tiempo_coche_Secundaria_PublicosPrivados,ACC_farmacias_tiempo_TransportePublico,ACC_farmacias_tiempo_coche,ACC_gasolineras_tiempo_coche,ACC_sanidad_tiempo_TransportePublico_OfertaAsistencial_MedicinaGeneralDeFamilia,ACC_sanidad_tiempo_TransportePublico_OfertaAsistencial_OdontologiaEstomatologia,ACC_sanidad_tiempo_coche_OfertaAsistencial_MedicinaGeneralDeFamilia,ACC_sanidad_tiempo_coche_OfertaAsistencial_OdontologiaEstomatologia,ATR_ServiciosDeEducacion_ClusterPoblacion,ATR_ServiciosDeEducacion_ClusterEstadistica,ATR_CalidadDelAire_ClusterPoblacion,ATR_CalidadDelAire_ClusterEstadistica,ATR_TipologiaDePoblacion_ClusterPoblacion,ATR_TipologiaDePoblacion_ClusterEstadistica,ATR_AtractividadDeLosInmuebles_ClusterPoblacion,ATR_AtractividadDeLosInmuebles_ClusterEstadistica,ATR_AtractividadDeLasInfraestructurasDeTransporte_ClusterPoblacion,ATR_AtractividadDeLasInfraestructurasDeTransporte_ClusterEstadistica,ATR_DinamismosEconomico_ClusterPoblacion,ATR_DinamismosEconomico_ClusterEstadistica,OSM_supermercados_tiempo_coche,OSM_supermercados_tiempo_TransportePublico,IDE_PoblacionTotal,IDE_PrecioPorMetroCuadrado
28001,Acebeda (La),4.07,1.75,73.54,73.54,73.54,73.54,39.38,39.38,39.38,39.38,18.54,18.54,18.54,18.54,13.1,13.1,13.1,13.1,161.93,13.23,11.02,5.83,213.63,2.5,59.48,0.77,0.83,0.44,0.5,0.51,0.51,0.49,0.5,0.7,0.58,0.77,0.81,8,34,68,866
28002,Ajalvir,29.7,5.7,22.7,22.7,24.52,24.52,28.6,28.6,28.6,28.6,5.19,5.19,10.58,10.58,5.08,5.08,5.08,5.08,15.52,5.58,4.47,22.61,98.13,5.83,25.08,0.72,0.84,0.42,0.44,0.45,0.43,0.43,0.36,0.65,1.05,0.67,0.71,3,25,4946,2809
28003,Alameda del Valle,4.37,1.4,21.91,21.91,19.28,19.28,24.53,24.53,332.62,332.62,8.06,8.06,7.88,7.88,8.25,8.25,45.25,45.25,1.42,0.43,10.12,3.75,299.68,1.03,65.47,0.77,0.83,0.44,0.5,0.58,0.57,0.57,0.5,0.62,0.61,0.54,0.52,3,25,256,1055
28004,Alamo (El),7.93,2.28,8.41,8.41,9.48,9.48,7.33,7.33,6.8,6.8,3.25,3.25,2.37,2.37,4.13,4.13,2.55,2.55,8.18,6.35,5.27,5.78,107.8,3.67,28.9,0.67,0.67,0.43,0.59,0.57,0.62,0.47,0.53,0.6,0.64,0.45,0.45,3,25,10413,2180
28008,Aldea del Fresno,15.57,3.82,12.71,12.71,12.71,12.71,12.71,12.71,115.13,115.13,3.59,3.59,3.59,3.59,3.59,3.59,13.04,13.04,13.27,2.84,3.26,8.51,111.32,4.53,43.84,0.77,0.67,0.69,0.35,0.54,0.58,0.45,0.46,0.71,0.82,0.47,0.53,4,27,3422,1528
28009,Algete,17.33,4.5,24.79,24.79,19.27,19.27,26.28,26.28,26.99,26.99,6.95,6.95,5.6,5.6,7.41,7.41,7.14,7.14,10.6,3.42,3.94,53.46,14.9,10.96,4.03,0.71,0.72,0.42,0.54,0.55,0.55,0.52,0.52,0.58,0.58,0.54,0.54,4,27,21134,2222
28010,Alpedrete,13.7,4.4,15.83,15.83,27.69,27.69,15.61,15.61,26.39,26.39,5.47,5.47,11.22,11.22,5.66,5.66,7.32,7.32,9.78,3.05,4.35,13.1,26.77,3.56,11.49,0.67,0.67,0.4,0.68,0.55,0.53,0.55,0.56,0.71,0.4,0.55,0.54,3,25,15655,2506
28011,Ambite,11.83,2.08,9.79,9.79,9.79,9.79,104.16,104.16,181.1,181.1,1.52,1.52,1.52,1.52,9.81,9.81,11.18,11.18,9.54,1.68,7.16,11.61,148.48,1.65,43.67,0.92,0.88,0.6,0.42,0.53,0.55,0.45,0.44,0.46,0.57,0.49,0.54,11,39,701,1423
28012,Anchuelo,16.8,10.43,3.53,3.53,5.23,5.23,1.83,1.83,59.64,59.64,1.5,1.5,2.52,2.52,0.48,0.48,17.82,17.82,3.22,1.42,14.32,1.52,116.45,0.3,37.28,0.78,0.75,0.41,0.67,0.48,0.47,0.5,0.44,0.4,0.45,0.45,0.46,8,34,1393,1738
28015,Arroyomolinos,12.0,2.96,15.36,15.36,15.88,15.88,15.09,15.09,13.13,13.13,4.47,4.47,4.4,4.4,4.29,4.29,4.62,4.62,10.4,1.99,8.87,15.71,78.91,5.26,22.81,0.6,0.58,0.43,0.59,0.42,0.46,0.48,0.57,0.55,0.51,0.49,0.47,3,25,37299,2545
28016,Atazar (El),6.03,1.38,181.11,181.11,181.11,181.11,151.65,151.65,122.08,122.08,27.02,27.02,27.02,27.02,28.33,28.33,31.14,31.14,21.95,21.7,30.88,4.12,185.48,1.79,67.43,0.77,0.83,0.44,0.5,0.46,0.46,0.44,0.47,0.6,0.54,0.61,0.6,9,35,107,483
28017,Batres,187.32,11.42,171.62,171.62,101.15,101.15,171.61,171.61,72.5,72.5,11.32,11.32,14.82,14.82,11.32,11.32,10.76,10.76,176.92,11.29,15.2,96.15,76.04,10.92,17.55,0.79,0.8,0.45,0.59,0.48,0.43,0.42,0.45,0.39,0.61,0.45,0.46,8,34,1957,1429
28018,Becerril de la Sierra,13.3,4.43,14.81,14.81,15.38,15.38,14.25,14.25,14.25,14.25,2.61,2.61,2.76,2.76,2.46,2.46,2.46,2.46,10.74,3.5,3.97,12.89,117.2,2.23,46.3,0.96,0.99,0.57,0.26,0.48,0.46,0.56,0.48,0.66,0.48,0.5,0.44,8,34,6553,2386
28019,Belmonte de Tajo,3.18,0.83,10.48,10.48,16.83,16.83,9.83,9.83,21.27,21.27,2.16,2.16,7.98,7.98,2.38,2.38,8.41,8.41,6.0,2.52,7.03,5.38,107.32,1.37,41.48,0.78,0.74,0.6,0.42,0.47,0.44,0.43,0.46,0.46,0.62,0.46,0.47,10,37,1919,1502
28020,Berzosa del Lozoya,7.85,2.13,123.08,123.08,123.08,123.08,40.26,40.26,27.28,27.28,8.97,8.97,8.97,8.97,24.63,24.63,22.48,22.48,20.93,16.65,21.32,4.9,156.04,1.35,65.45,0.77,0.83,0.44,0.5,0.49,0.49,0.52,0.47,0.59,0.53,0.57,0.59,3,25,234,1124
28021,Berrueco (El),6.97,3.01,4.5,4.5,4.49,4.49,14.84,14.84,18.08,18.08,2.64,2.64,2.64,2.64,7.32,7.32,9.55,9.55,6.14,3.17,7.47,9.45,141.89,3.4,46.9,1.02,1.08,0.44,0.5,0.5,0.5,0.49,0.51,0.5,0.4,0.46,0.43,3,25,828,2155
28023,Boalo (El),16.07,3.36,17.57,17.57,35.07,35.07,17.57,17.57,40.9,40.9,5.48,5.48,10.04,10.04,5.48,5.48,10.24,10.24,7.15,2.24,18.3,18.7,101.5,6.39,41.28,0.68,0.67,0.57,0.26,0.43,0.37,0.51,0.43,0.67,0.54,0.5,0.44,3,25,8548,2856
28024,Braojos,7.7,2.17,35.07,35.07,35.91,35.91,26.4,26.4,26.4,26.4,11.18,11.18,11.25,11.25,10.48,10.48,10.48,10.48,3.87,1.17,10.52,3.93,144.32,1.17,56.87,0.77,0.83,0.44,0.5,0.46,0.45,0.55,0.47,0.61,0.53,0.54,0.52,9,35,219,623
28025,Brea de Tajo,8.56,2.09,6.07,6.07,6.06,6.06,14.99,14.99,106.17,106.17,1.73,1.73,1.73,1.73,8.17,8.17,24.27,24.27,8.63,2.28,7.31,9.18,107.72,1.6,50.74,0.98,0.94,0.6,0.42,0.52,0.61,0.47,0.5,0.5,0.7,0.59,0.7,12,40,567,763
28026,Brunete,14.11,5.33,12.79,12.79,13.74,13.74,10.53,10.53,14.98,14.98,5.2,5.2,4.14,4.14,5.92,5.92,5.73,5.73,7.93,4.35,4.33,11.83,18.56,4.56,9.44,0.88,0.9,0.69,0.38,0.53,0.45,0.45,0.38,0.67,0.92,0.48,0.33,3,25,11263,2650
28027,Buitrago del Lozoya,4.92,0.8,10.19,10.19,13.4,13.4,6.98,6.98,6.98,6.98,2.26,2.26,3.38,3.38,1.13,1.13,1.13,1.13,8.97,1.88,2.15,6.8,131.55,2.55,49.2,0.79,0.86,0.44,0.5,0.61,0.6,0.44,0.49,0.56,0.48,0.56,0.58,3,25,1970,1552
28028,Bustarviejo,16.11,3.82,14.68,14.68,15.01,15.01,14.35,14.35,42.79,42.79,3.69,3.69,3.68,3.68,3.7,3.7,16.51,16.51,6.63,1.92,13.54,8.72,121.23,2.99,50.4,0.79,0.95,0.44,0.5,0.46,0.45,0.55,0.55,0.48,0.38,0.47,0.44,5,28,2833,1943
28029,Cabanillas de la Sierra,7.69,1.13,5.98,5.98,6.61,6.61,5.33,5.33,14.7,14.7,0.84,0.84,0.95,0.95,0.72,0.72,5.4,5.4,6.79,1.38,4.72,5.42,115.15,0.92,40.78,0.78,0.84,0.44,0.5,0.49,0.48,0.55,0.51,0.48,0.31,0.46,0.43,7,32,949,1693
28030,Cabrera (La),12.62,4.36,10.07,10.07,27.52,27.52,13.94,13.94,8.91,8.91,2.99,2.99,11.55,11.55,4.45,4.45,3.73,3.73,2.55,1.38,5.88,3.72,121.27,5.04,45.07,0.77,0.9,0.57,0.5,0.53,0.56,0.47,0.53,0.84,0.35,0.52,0.47,3,25,2952,1757
28031,Cadalso de los Vidrios,21.45,5.16,11.94,11.94,6.79,6.79,17.08,17.08,17.08,17.08,3.46,3.46,2.17,2.17,4.76,4.76,4.76,4.76,4.83,1.5,4.18,10.45,139.53,4.56,67.63,0.9,0.76,0.69,0.44,0.57,0.53,0.53,0.57,0.78,0.74,0.53,0.55,3,25,3274,1151
28032,Camarma de Esteruelas,8.05,5.73,7.2,7.2,6.6,6.6,7.8,7.8,7.8,7.8,5.2,5.2,4.91,4.91,5.48,5.48,5.48,5.48,4.68,6.53,8.91,8.76,85.34,5.67,33.36,0.67,0.73,0.42,0.67,0.42,0.43,0.43,0.49,0.57,0.33,0.51,0.57,3,25,8107,2113
28033,Campo Real,10.87,3.2,9.09,9.09,6.93,6.93,11.55,11.55,22.21,22.21,3.51,3.51,3.61,3.61,3.53,3.53,2.83,2.83,5.07,3.76,3.66,8.71,98.34,1.45,25.75,0.89,1.0,0.64,0.42,0.48,0.52,0.49,0.5,0.58,0.36,0.48,0.54,5,28,6766,1981
28034,Canencia,11.25,3.38,115.84,115.84,115.38,115.38,116.3,116.3,129.68,129.68,25.18,25.18,24.96,24.96,25.4,25.4,22.97,22.97,4.6,1.78,16.55,6.52,331.19,2.62,59.3,0.77,0.83,0.44,0.5,0.5,0.49,0.53,0.52,0.6,0.53,0.5,0.48,9,35,468,1174
28035,Carabaña,5.63,2.75,7.56,7.56,7.63,7.63,7.48,7.48,155.31,155.31,3.89,3.89,3.9,3.9,3.88,3.88,12.78,12.78,0.77,0.12,6.7,4.37,121.27,2.83,40.43,0.78,0.74,0.6,0.42,0.52,0.52,0.47,0.45,0.44,0.56,0.46,0.45,3,25,2375,1255
28036,Casarrubuelos,7.28,2.72,6.49,6.49,7.92,7.92,3.78,3.78,22.98,22.98,2.61,2.61,3.2,3.2,1.08,1.08,7.38,7.38,6.72,2.12,1.83,4.28,27.84,1.55,11.97,0.92,0.8,0.43,0.59,0.42,0.45,0.43,0.5,0.58,0.57,0.48,0.56,3,25,4225,1621
28037,Cenicientos,9.24,2.74,2.5,2.5,1.29,1.29,3.69,3.69,3.69,3.69,0.81,0.81,0.24,0.24,1.39,1.39,1.39,1.39,3.78,1.19,2.39,5.87,151.26,1.58,73.19,0.78,0.71,0.59,0.44,0.52,0.57,0.51,0.57,0.6,0.81,0.49,0.49,11,39,2141,879
28038,Cercedilla,37.72,7.69,17.99,17.99,14.89,14.89,21.07,21.07,29.15,29.15,5.03,5.03,3.44,3.44,6.63,6.63,6.5,6.5,16.3,4.72,3.6,19.25,138.67,5.73,58.1,0.72,0.7,0.4,0.68,0.55,0.58,0.54,0.47,0.86,0.56,0.53,0.74,3,25,7646,2354
28039,Cervera de Buitrago,9.33,2.05,7.4,7.4,7.4,7.4,43.46,43.46,55.6,55.6,2.0,2.0,2.0,2.0,22.37,22.37,23.88,23.88,71.93,15.98,22.77,1.07,155.89,0.17,61.25,0.93,1.0,0.44,0.5,0.49,0.49,0.47,0.44,0.6,0.53,0.55,0.55,7,32,161,1629
28040,Ciempozuelos,15.67,3.97,9.59,9.59,35.53,35.53,9.39,9.39,9.56,9.56,3.84,3.84,13.69,13.69,3.81,3.81,3.22,3.22,9.68,4.95,4.32,10.27,70.97,2.92,27.57,0.63,0.62,0.43,1.33,0.54,0.45,0.41,0.44,0.6,0.69,0.48,0.44,3,25,26046,1918
28041,Cobeña,4.03,1.0,10.74,10.74,28.56,28.56,8.39,8.39,8.39,8.39,3.59,3.59,9.62,9.62,1.93,1.93,1.93,1.93,5.41,2.55,4.27,6.54,9.85,1.58,6.4,0.67,0.67,0.42,0.54,0.48,0.37,0.56,0.41,0.6,0.62,0.45,0.23,3,25,7742,2749
28042,Colmenar del Arroyo,7.06,2.14,4.9,4.9,4.89,4.89,4.91,4.91,130.36,130.36,2.55,2.55,1.36,1.36,3.73,3.73,9.5,9.5,6.64,1.66,9.97,5.94,138.96,3.38,42.31,0.81,0.95,0.59,0.44,0.49,0.43,0.44,0.4,0.6,0.66,0.49,0.57,12,40,2013,2147
28043,Colmenar de Oreja,20.66,7.69,20.47,20.47,22.92,22.92,18.0,18.0,19.67,19.67,7.95,7.95,8.64,8.64,7.27,7.27,7.51,7.51,13.09,4.81,7.48,18.86,112.15,7.86,43.02,0.73,0.78,0.43,0.72,0.49,0.5,0.54,0.61,0.66,0.61,0.46,0.48,5,28,8982,1245
28044,Colmenarejo,14.48,2.93,14.89,14.89,37.91,37.91,16.94,16.94,11.67,11.67,3.77,3.77,14.34,14.34,4.36,4.36,2.3,2.3,15.42,5.05,6.98,9.77,130.07,3.13,45.85,0.7,0.7,0.4,0.68,0.5,0.47,0.51,0.45,0.59,0.32,0.48,0.43,5,28,9741,2304
28046,Collado Mediano,13.51,3.11,18.01,18.01,18.14,18.14,17.88,17.88,14.15,14.15,3.33,3.33,2.96,2.96,3.7,3.7,4.17,4.17,11.04,2.14,4.45,8.68,119.86,2.4,47.31,0.91,0.87,0.4,0.68,0.53,0.54,0.53,0.47,0.8,0.51,0.54,0.58,3,25,7564,2443
28048,Corpa,9.32,2.78,4.13,4.13,4.13,4.13,67.25,67.25,147.85,147.85,1.12,1.12,1.12,1.12,8.37,8.37,19.61,19.61,7.23,1.98,4.62,5.4,155.78,1.63,40.08,0.89,0.85,0.6,0.42,0.47,0.44,0.49,0.46,0.42,0.49,0.46,0.42,4,27,795,1777
28050,Cubas de la Sagra,10.68,3.7,12.31,12.31,14.0,14.0,11.47,11.47,11.3,11.3,3.99,3.99,4.33,4.33,3.81,3.81,2.49,2.49,9.45,3.01,4.79,11.17,70.98,3.33,23.2,0.66,0.67,0.43,0.59,0.4,0.44,0.52,0.54,0.58,0.58,0.46,0.48,3,25,6984,1998
28051,Chapinería,13.72,3.96,11.47,11.47,9.39,9.39,13.55,13.55,13.55,13.55,4.12,4.12,4.25,4.25,3.99,3.99,3.99,3.99,8.45,2.9,6.62,8.93,115.19,3.07,40.54,0.99,0.97,0.59,0.44,0.52,0.44,0.52,0.51,0.46,0.32,0.48,0.43,9,35,2634,1863
28052,Chinchón,10.46,2.92,10.86,10.86,12.49,12.49,9.22,9.22,15.55,15.55,3.6,3.6,4.33,4.33,2.87,2.87,4.64,4.64,9.36,6.8,5.67,9.81,99.43,2.26,41.69,0.73,0.78,0.43,0.72,0.52,0.52,0.63,0.57,0.63,0.47,0.53,0.57,9,35,5820,1361
28053,Daganzo de Arriba,11.09,5.25,12.69,12.69,12.17,12.17,12.95,12.95,10.18,10.18,4.23,4.23,5.15,5.15,3.78,3.78,3.8,3.8,8.22,3.1,2.33,5.82,84.16,2.32,28.58,0.7,0.73,0.42,0.67,0.4,0.4,0.49,0.54,0.59,0.29,0.51,0.62,5,28,10673,2031
28054,Escorial (El),11.6,3.11,16.89,16.89,38.21,38.21,15.33,15.33,20.93,20.93,7.7,7.7,17.52,17.52,6.79,6.79,7.41,7.41,9.03,2.35,3.37,18.79,117.06,8.49,48.09,0.66,0.65,0.4,0.68,0.54,0.53,0.57,0.6,0.74,0.49,0.56,0.54,6,30,17262,2763
28055,Estremera,18.15,4.29,7.44,7.44,7.2,7.2,7.67,7.67,41.94,41.94,1.99,1.99,1.88,1.88,2.1,2.1,18.34,18.34,11.86,3.51,4.24,10.83,125.68,4.27,47.8,0.8,0.76,0.6,0.42,0.55,0.64,0.43,0.52,0.52,0.79,0.6,0.72,17,49,1451,1027
28056,Fresnedillas de la Oliva,3.93,0.75,8.08,8.08,3.35,3.35,12.8,12.8,33.55,33.55,1.62,1.62,0.65,0.65,2.58,2.58,13.6,13.6,3.65,1.13,12.15,0.48,111.85,0.8,50.68,0.79,0.73,0.59,0.44,0.57,0.51,0.55,0.45,0.51,0.48,0.47,0.43,10,37,1833,1723
28057,Fresno de Torote,12.42,2.57,12.82,12.82,13.44,13.44,12.21,12.21,75.03,75.03,3.22,3.22,3.33,3.33,3.11,3.11,26.09,26.09,11.42,3.35,29.66,12.75,111.71,2.78,39.46,0.78,0.62,0.44,0.44,0.47,0.41,0.59,0.45,0.42,0.73,0.43,0.32,9,35,2547,1513
28059,Fuente el Saz de Jarama,10.72,4.2,10.78,10.78,12.25,12.25,9.3,9.3,9.3,9.3,4.62,4.62,3.9,3.9,5.33,5.33,5.33,5.33,2.67,1.77,3.45,4.03,26.68,5.6,8.85,0.71,0.83,0.57,0.44,0.53,0.61,0.52,0.48,0.59,0.21,0.49,0.61,4,27,7384,2294
28060,Fuentidueña de Tajo,14.72,5.17,3.53,3.53,5.35,5.35,1.71,1.71,29.19,29.19,2.13,2.13,2.11,2.11,2.16,2.16,14.06,14.06,4.94,2.33,5.26,8.73,121.93,2.8,43.51,0.79,0.97,0.6,0.42,0.49,0.49,0.5,0.48,0.49,0.69,0.49,0.51,14,44,2319,1325
28061,Galapagar,23.78,6.32,25.33,25.33,40.74,40.74,25.02,25.02,24.0,24.0,6.32,6.32,10.38,10.38,6.56,6.56,7.03,7.03,14.26,5.36,6.68,21.39,119.08,4.03,39.49,0.64,0.56,0.4,0.5,0.56,0.49,0.52,0.47,0.61,0.56,0.52,0.36,5,28,36112,2819
28062,Garganta de los Montes,11.95,3.84,57.07,57.07,58.32,58.32,18.43,18.43,108.31,108.31,17.91,17.91,18.39,18.39,13.82,13.82,17.46,17.46,6.14,3.18,15.02,24.68,299.55,7.43,55.54,0.77,0.83,0.44,0.5,0.45,0.45,0.59,0.5,0.59,0.5,0.51,0.49,8,34,415,792
28063,Gargantilla del Lozoya y Pinilla de Buitrago,11.11,2.24,52.93,52.93,47.76,47.76,63.22,63.22,50.09,50.09,17.03,17.03,20.02,20.02,11.05,11.05,16.07,16.07,10.85,1.74,11.45,16.92,265.13,16.34,56.83,0.77,0.83,0.44,0.5,0.45,0.45,0.52,0.49,0.6,0.52,0.5,0.48,3,25,401,1452
28064,Gascones,7.43,1.45,36.03,36.03,35.22,35.22,39.56,39.56,39.56,39.56,6.15,6.15,6.22,6.22,6.38,6.38,6.38,6.38,31.16,5.47,4.78,1.68,149.38,0.73,53.17,0.77,0.83,0.44,0.5,0.5,0.49,0.48,0.48,0.58,0.51,0.53,0.52,11,39,236,1247
28066,Griñón,7.92,3.2,7.96,7.96,20.94,20.94,6.32,6.32,10.83,10.83,3.52,3.52,6.06,6.06,3.07,3.07,4.75,4.75,5.68,3.27,6.27,3.2,3.2,5.58,5.58,0.64,0.62,0.43,0.59,0.52,0.56,0.54,0.54,0.57,0.55,0.58,0.75,3,25,10714,2039
28067,Guadalix de la Sierra,20.91,3.92,13.49,13.49,18.44,18.44,8.54,8.54,4.38,4.38,2.49,2.49,4.03,4.03,0.95,0.95,0.67,0.67,7.62,1.47,2.85,0.87,106.09,0.1,43.1,0.89,1.09,0.57,0.5,0.47,0.51,0.51,0.62,0.65,0.34,0.48,0.43,5,28,6912,2252
28068,Guadarrama,16.64,3.81,13.31,13.31,11.29,11.29,13.97,13.97,15.56,15.56,3.65,3.65,3.28,3.28,4.21,4.21,5.35,5.35,8.01,3.12,2.91,8.89,127.14,5.17,44.9,0.64,0.63,0.4,0.68,0.53,0.52,0.52,0.63,0.65,0.49,0.52,0.59,4,27,17069,2500
28069,Hiruela (La),6.58,1.3,25.08,25.08,25.08,25.08,49.53,49.53,49.53,49.53,15.22,15.22,15.22,15.22,31.57,31.57,31.57,31.57,22.78,13.67,31.93,0.25,219.91,0.03,79.27,0.77,0.83,0.44,0.5,0.42,0.42,0.54,0.5,0.76,0.91,0.43,0.43,11,39,84,425
28071,Horcajuelo de la Sierra,13.62,3.87,29.08,29.08,29.08,29.08,44.89,44.89,44.89,44.89,5.13,5.13,5.13,5.13,22.14,22.14,22.14,22.14,31.4,6.62,15.65,1.57,184.81,0.52,67.73,0.77,0.83,0.44,0.5,0.55,0.54,0.44,0.46,0.68,0.62,0.52,0.51,5,28,231,756
28071,Horcajuelo de la Sierra,13.62,3.87,29.08,29.08,29.08,29.08,44.89,44.89,44.89,44.89,5.13,5.13,5.13,5.13,22.14,22.14,22.14,22.14,31.4,6.62,15.65,1.57,184.81,0.52,67.73,0.77,0.83,0.44,0.5,0.55,0.54,0.44,0.46,0.68,0.62,0.52,0.51,5,28,111,417
28072,Hoyo de Manzanares,11.42,3.91,15.32,15.32,67.77,67.77,13.46,13.46,17.83,17.83,5.68,5.68,21.24,21.24,5.52,5.52,6.01,6.01,9.57,4.37,7.31,8.58,112.58,6.27,38.7,0.7,0.56,0.4,0.5,0.51,0.41,0.6,0.43,0.58,0.59,0.52,0.37,3,25,9186,2861
28073,Humanes de Madrid,25.23,5.77,22.59,22.59,55.68,55.68,22.27,22.27,23.54,23.54,4.42,4.42,16.2,16.2,4.36,4.36,5.91,5.91,16.63,4.02,7.28,22.68,53.98,4.52,19.62,0.65,0.64,0.43,1.33,0.49,0.34,0.43,0.38,0.6,1.02,0.6,0.66,3,25,20054,2257
28075,Loeches,16.49,3.9,11.59,11.59,9.7,9.7,12.45,12.45,5.4,5.4,3.95,3.95,3.32,3.32,4.25,4.25,2.37,2.37,12.66,3.44,3.63,12.14,98.85,4.35,24.18,0.78,0.8,0.42,0.67,0.39,0.46,0.49,0.54,0.56,0.3,0.5,0.58,3,25,9253,2511
28076,Lozoya,15.93,3.32,9.07,9.07,9.07,9.07,9.07,9.07,186.37,186.37,2.93,2.93,2.93,2.93,2.93,2.93,30.14,30.14,6.85,2.22,3.87,5.52,292.19,1.17,59.97,0.81,0.88,0.44,0.5,0.53,0.52,0.47,0.49,0.58,0.55,0.51,0.51,3,25,620,1582
28078,Madarcos,6.43,2.15,71.33,71.33,71.33,71.33,43.87,43.87,43.87,43.87,10.7,10.7,10.7,10.7,15.75,15.75,15.75,15.75,73.95,12.18,14.27,0.1,175.16,0.03,63.68,0.77,0.83,0.44,0.5,0.49,0.49,0.5,0.51,0.71,0.61,0.64,0.58,7,32,70,733
28082,Manzanares el Real,9.8,2.54,16.58,16.58,61.3,61.3,8.67,8.67,36.68,36.68,3.92,3.92,17.41,17.41,2.81,2.81,12.41,12.41,11.68,3.62,3.72,14.1,111.31,3.45,42.08,0.78,0.77,0.57,0.26,0.42,0.38,0.55,0.45,0.63,0.5,0.51,0.27,4,27,9539,2596
28083,Meco,17.5,3.35,7.41,7.41,0.72,0.72,10.75,10.75,12.73,12.73,3.18,3.18,0.13,0.13,4.7,4.7,4.13,4.13,8.33,6.57,1.95,1.37,80.08,0.38,31.45,0.65,0.68,0.42,0.67,0.44,0.5,0.51,0.67,0.66,0.71,0.58,0.7,3,25,15812,2159
28084,Mejorada del Campo,7.69,2.97,10.1,10.1,30.99,30.99,9.06,9.06,7.19,7.19,4.06,4.06,11.53,11.53,4.03,4.03,2.48,2.48,11.43,5.82,2.96,8.43,6.69,3.03,2.34,0.71,0.78,0.42,0.44,0.57,0.5,0.46,0.49,0.52,0.45,0.49,0.39,3,25,24632,2280
28085,Miraflores de la Sierra,20.95,6.57,14.89,14.89,54.29,54.29,16.94,16.94,16.94,16.94,3.93,3.93,10.62,10.62,4.6,4.6,4.6,4.6,12.42,4.51,1.93,5.58,107.21,1.08,45.96,0.79,0.79,0.57,0.26,0.49,0.53,0.58,0.55,0.64,0.54,0.46,0.3,4,27,7209,2439
28086,Molar (El),12.2,3.18,16.98,16.98,19.37,19.37,15.93,15.93,16.96,16.96,5.06,5.06,12.37,12.37,4.69,4.69,5.8,5.8,11.43,3.15,5.15,13.03,89.15,3.7,30.98,0.78,0.84,0.57,0.44,0.52,0.55,0.49,0.53,0.63,0.29,0.4,0.35,6,30,10079,1952
28087,Molinos (Los),10.5,3.95,9.0,9.0,8.43,8.43,11.83,11.83,27.63,27.63,1.46,1.46,4.55,4.55,1.83,1.83,8.93,8.93,8.85,1.53,4.43,6.52,129.28,1.23,51.15,1.08,1.07,0.4,0.5088815789473684,0.6,0.65,0.51,0.47,0.83,0.55,0.52,0.42,4,27,4812,2629
28088,Montejo de la Sierra,3.57,0.47,1.02,1.02,1.02,1.02,36.28,36.28,36.28,36.28,0.15,0.15,0.15,0.15,18.85,18.85,18.85,18.85,7.08,1.32,16.92,2.58,182.09,0.62,66.57,0.88,0.94,0.44,0.5,0.49,0.49,0.46,0.52,0.62,0.57,0.47,0.46,8,34,374,1125
28089,Moraleja de Enmedio,10.06,2.69,9.51,9.51,24.29,24.29,9.51,9.51,15.31,15.31,2.8,2.8,11.54,11.54,2.8,2.8,3.89,3.89,3.44,1.15,3.23,5.39,64.93,2.4,18.2,0.76,0.81,0.43,0.59,0.41,0.44,0.47,0.48,0.6,0.47,0.55,0.62,3,25,5630,2052
28090,Moralzarzal,19.87,3.47,9.7,9.7,5.96,5.96,11.57,11.57,11.13,11.13,2.14,2.14,1.17,1.17,2.63,2.63,2.42,2.42,6.14,2.17,2.55,7.09,80.28,1.71,44.28,0.64,0.63,0.4,0.68,0.47,0.42,0.53,0.49,0.69,0.59,0.52,0.39,7,32,14504,2607
28091,Morata de Tajuña,9.15,3.42,7.21,7.21,6.48,6.48,8.68,8.68,9.63,9.63,2.96,2.96,2.72,2.72,3.42,3.42,2.35,2.35,2.8,0.68,8.75,5.45,62.24,2.58,29.58,0.71,0.77,0.42,0.67,0.53,0.57,0.41,0.52,0.58,0.35,0.46,0.48,3,25,8294,1626
28093,Navacerrada,13.33,6.17,12.56,12.56,12.1,12.1,13.03,13.03,45.24,45.24,5.86,5.86,5.75,5.75,5.97,5.97,9.12,9.12,5.85,4.15,9.6,11.0,130.07,6.05,53.98,0.9,0.93,0.57,0.26,0.54,0.59,0.6,0.43,0.78,0.79,0.49,0.57,4,27,3307,2553
28094,Navalafuente,15.3,2.99,9.09,9.09,9.09,9.09,68.47,68.47,49.43,49.43,1.73,1.73,1.73,1.73,10.23,10.23,10.28,10.28,15.36,3.19,9.04,13.39,124.82,2.09,46.26,0.83,0.9,0.44,0.5,0.57,0.56,0.55,0.5,0.47,0.35,0.45,0.41,6,30,1703,2096
28095,Navalagamella,10.84,4.9,7.97,7.97,6.45,6.45,9.49,9.49,15.4,15.4,3.2,3.2,2.83,2.83,3.58,3.58,9.67,9.67,5.17,2.07,10.08,11.39,155.27,3.52,43.55,0.76,0.71,0.69,0.44,0.51,0.45,0.43,0.45,0.69,0.31,0.39,0.29,10,37,3119,2191
28096,Navalcarnero,12.21,7.13,10.91,10.91,13.1,13.1,9.23,9.23,5.83,5.83,6.13,6.13,5.43,5.43,5.73,5.73,4.51,4.51,10.23,6.56,3.7,11.27,90.08,7.77,25.86,0.62,0.59,0.43,0.59,0.44,0.48,0.45,0.59,0.58,0.57,0.49,0.49,3,25,32684,2284
28097,Navarredonda y San Mamés,8.05,1.9,43.73,43.73,45.3,45.3,47.75,47.75,47.75,47.75,10.75,10.75,10.91,10.91,12.14,12.14,12.14,12.14,22.95,6.36,13.13,10.65,157.19,2.37,58.94,0.77,0.83,0.44,0.5,0.43,0.43,0.57,0.48,0.68,0.55,0.49,0.47,8,34,154,3347
28099,Navas del Rey,15.69,4.07,12.3,12.3,13.05,13.05,11.56,11.56,11.56,11.56,3.83,3.83,4.06,4.06,3.61,3.61,3.61,3.61,9.35,1.89,4.61,12.48,117.67,2.37,41.49,0.64,0.7,0.69,0.44,0.55,0.51,0.5,0.46,0.68,0.36,0.45,0.4,8,34,3344,1538
28100,Nuevo Baztán,22.99,3.53,19.22,18.87,19.38,19.38,19.05,17.38,19.05,17.38,4.11,3.95,4.16,4.16,4.06,3.86,4.06,3.86,21.37,3.97,3.25,25.41,146.95,3.86,37.88,0.65,0.74,0.64,0.42,0.51,0.59,0.52,0.53,0.62,0.52,0.47,0.49,4,27,7393,1725
28101,Olmeda de las Fuentes,6.22,1.83,9.7,9.7,9.7,9.7,18.87,18.87,18.87,18.87,1.6,1.6,1.6,1.6,6.28,6.28,6.28,6.28,8.27,2.43,5.55,1.45,166.29,0.1,40.92,0.95,0.92,0.6,0.42,0.51,0.51,0.52,0.49,0.47,0.58,0.48,0.53,6,30,409,1229
28102,Orusco de Tajuña,10.02,2.6,6.79,6.79,6.8,6.8,6.78,6.78,187.81,187.81,2.27,2.27,2.27,2.27,2.27,2.27,13.28,13.28,8.0,4.97,2.22,6.97,130.56,4.67,41.83,0.78,0.74,0.6,0.42,0.53,0.55,0.48,0.54,0.46,0.6,0.46,0.43,7,32,1504,1262
28104,Paracuellos de Jarama,20.69,6.08,18.33,17.08,53.24,53.24,19.49,16.89,12.84,12.91,5.26,4.75,17.06,17.06,5.47,4.8,2.95,3.37,19.6,5.47,2.71,30.06,71.25,12.16,24.76,0.64,0.78,0.42,0.44,0.44,0.37,0.52,0.44,0.54,0.52,0.46,0.33,3,25,27241,2744
28107,Patones,10.62,2.12,8.39,8.39,8.66,8.66,8.1,8.1,30.23,30.23,2.48,2.48,1.68,1.68,3.28,3.28,9.05,9.05,5.61,3.92,8.73,10.67,136.34,2.88,50.08,0.78,0.85,0.44,0.5,0.47,0.46,0.52,0.47,0.58,0.59,0.5,0.49,9,35,604,1182
28108,Pedrezuela,13.76,7.1,14.87,13.19,12.79,12.79,15.07,15.07,31.66,31.66,7.16,5.52,6.32,6.32,7.36,7.36,8.89,8.89,11.03,2.19,9.6,16.11,109.89,3.14,35.48,0.82,0.87,0.57,0.5,0.46,0.58,0.45,0.57,0.69,0.23,0.45,0.41,3,25,6475,2391
28109,Pelayos de la Presa,12.3,4.15,11.27,11.27,10.27,10.27,12.27,12.27,13.7,13.7,3.3,3.3,2.43,2.43,4.17,4.17,10.0,10.0,3.25,1.2,5.45,7.97,123.66,2.13,52.67,0.72,0.71,0.69,0.44,0.63,0.67,0.5,0.51,0.7,0.51,0.46,0.5,3,25,3106,1227
28110,Perales de Tajuña,6.68,1.2,2.49,2.49,2.49,2.49,2.49,2.49,50.99,50.99,2.74,2.74,2.74,2.74,2.74,2.74,13.48,13.48,3.05,2.69,3.25,10.53,75.75,2.79,31.78,0.81,0.75,0.64,0.42,0.52,0.56,0.42,0.49,0.77,0.42,0.51,0.52,7,32,3195,1267
28111,Pezuela de las Torres,20.59,3.3,9.81,9.81,9.81,9.81,296.42,296.42,186.01,186.01,2.37,2.37,2.37,2.37,14.97,14.97,14.78,14.78,9.09,1.98,7.19,7.02,138.66,1.36,46.2,0.82,0.79,0.6,0.42,0.46,0.47,0.47,0.48,0.44,0.56,0.47,0.48,10,37,990,1014
28112,Pinilla del Valle,8.28,2.65,21.92,21.92,22.62,22.62,21.22,21.22,330.62,330.62,9.76,9.76,9.58,9.58,9.94,9.94,45.62,45.62,9.38,2.12,9.73,3.85,297.34,1.17,65.82,0.77,0.83,0.44,0.5,0.49,0.49,0.5,0.51,0.63,0.59,0.5,0.47,4,27,199,1366
28114,Piñuécar-Gandullas,21.36,4.49,39.37,39.37,40.3,40.3,32.55,32.55,32.56,32.56,10.35,10.35,10.44,10.44,8.51,8.51,8.51,8.51,40.37,8.33,5.08,19.45,160.25,3.35,55.4,0.77,0.83,0.44,0.5,0.41,0.41,0.55,0.5,0.72,0.53,0.5,0.48,10,37,185,1189
28116,Pozuelo del Rey,7.52,1.78,2.98,2.98,2.98,2.98,18.75,18.75,26.9,26.9,1.03,1.03,1.03,1.03,6.38,6.38,6.54,6.54,0.83,0.12,6.62,5.72,129.07,0.95,31.98,0.84,0.81,0.6,0.42,0.46,0.38,0.47,0.41,0.4,0.44,0.44,0.4,3,25,1302,1410
28117,Prádena del Rincón,2.87,0.68,23.26,23.26,23.26,23.26,28.22,28.22,28.22,28.22,2.8,2.8,2.8,2.8,15.92,15.92,15.92,15.92,27.49,4.23,11.65,6.69,175.34,2.27,63.62,0.77,0.83,0.44,0.5,0.44,0.43,0.52,0.44,0.69,0.55,0.53,0.53,4,27,139,893
28118,Puebla de la Sierra,6.45,1.7,34.27,34.27,34.27,34.27,79.38,79.38,64.72,64.72,27.18,27.18,27.18,27.18,44.08,44.08,40.57,40.57,31.63,25.72,36.23,0.35,207.68,0.07,87.63,0.77,0.83,0.44,0.5,0.44,0.44,0.53,0.41,0.68,0.69,0.51,0.52,10,37,93,612
28119,Quijorna,10.63,2.37,3.95,3.27,0.15,0.15,7.75,7.75,32.18,32.18,1.32,1.08,0.03,0.03,2.62,2.62,10.83,10.83,2.05,0.63,7.17,4.35,22.33,1.12,9.88,0.98,0.86,0.69,0.35,0.47,0.52,0.49,0.49,0.6,0.69,0.42,0.39,9,35,3987,2277
28120,Rascafría,16.34,4.79,8.55,8.55,14.23,14.23,2.86,2.86,343.48,343.48,1.74,1.74,2.78,2.78,0.7,0.7,49.17,49.17,8.27,2.87,4.81,27.56,316.5,6.52,69.37,0.81,1.05,0.44,0.5,0.56,0.56,0.56,0.53,0.61,0.63,0.52,0.51,6,30,1712,1528
28121,Redueña,1.7,1.83,2.88,2.88,2.88,2.88,57.78,57.78,61.68,61.68,2.07,2.07,2.07,2.07,7.86,7.86,8.65,8.65,1.8,1.4,8.23,11.3,120.39,1.75,39.45,0.92,0.98,0.44,0.5,0.48,0.47,0.51,0.5,0.5,0.34,0.53,0.52,5,28,292,1352
28122,Ribatejada,13.64,3.22,15.44,15.44,14.26,14.26,16.62,16.62,82.41,82.41,3.77,3.77,3.37,3.37,4.17,4.17,24.46,24.46,12.88,3.24,23.64,18.27,114.19,3.63,40.86,0.83,0.7,0.44,0.44,0.51,0.58,0.53,0.47,0.45,0.72,0.47,0.49,3,25,911,1296
28124,Robledillo de la Jara,5.4,1.3,56.83,56.83,56.83,56.83,72.61,72.61,82.54,82.54,6.03,6.03,6.03,6.03,23.59,23.59,23.04,23.04,39.63,13.7,24.23,0.78,175.23,0.17,62.52,0.77,0.83,0.44,0.5,0.6,0.59,0.54,0.5,0.64,0.5,0.52,0.52,3,25,132,1171
28125,Robledo de Chavela,31.51,5.5,32.84,32.84,31.49,31.49,34.18,34.18,31.4,31.4,6.72,6.72,5.52,5.52,7.93,7.93,6.65,6.65,27.48,4.82,5.17,28.26,134.92,5.67,58.07,0.89,0.76,0.69,0.44,0.52,0.47,0.55,0.57,1.08,0.59,0.51,0.5,9,35,4763,1780
28126,Robregordo,12.32,2.67,73.09,73.09,73.09,73.09,21.21,21.21,21.21,21.21,17.38,17.38,17.38,17.38,11.48,11.48,11.48,11.48,76.82,18.92,2.68,4.37,120.93,0.97,57.87,0.77,0.83,0.44,0.5,0.56,0.56,0.49,0.5,0.7,0.58,0.53,0.53,5,28,73,750
28128,Rozas de Puerto Real,14.42,3.19,13.35,13.35,13.35,13.35,13.34,28.94,39.02,40.87,3.76,3.76,3.76,3.76,3.76,6.81,10.42,10.23,9.8,3.14,8.04,10.83,170.31,2.12,68.67,0.92,0.89,0.59,0.44,0.47,0.5,0.47,0.47,0.74,1.11,0.56,0.68,10,37,581,1329
28129,San Agustín del Guadalix,52.31,11.95,51.66,51.67,73.2,73.2,53.68,53.68,51.96,51.96,12.12,11.44,21.81,21.81,12.34,12.34,11.35,11.35,46.27,9.95,9.9,20.06,20.06,4.54,4.54,0.71,0.62,0.4,0.44,0.5,0.45,0.5,0.44,0.59,0.65,0.5,0.39,3,25,13849,3098
28130,San Fernando de Henares,8.23,2.31,9.42,8.86,8.95,8.95,9.81,9.81,3.92,3.92,3.54,3.25,2.76,2.76,3.67,3.67,1.94,1.94,8.7,4.37,4.25,9.94,9.94,3.03,3.03,0.76,0.87,0.42,0.44,0.59,0.54,0.46,0.46,0.58,0.39,0.65,0.64,4,27,38969,2906
28131,San Lorenzo de El Escorial,27.41,7.66,9.3,8.11,58.97,58.97,8.74,13.81,9.04,13.93,4.28,3.91,18.29,18.29,5.32,7.67,5.43,7.71,10.43,3.57,3.07,12.72,116.58,5.36,53.12,0.67,0.67,0.4,0.68,0.55,0.54,0.54,0.56,0.7,0.63,0.57,0.68,3,25,18772,2659
28132,San Martín de la Vega,15.92,4.09,11.76,10.07,4.2,4.2,14.13,13.22,17.76,13.23,4.48,3.79,1.17,1.17,5.59,5.25,4.98,4.27,10.5,3.1,2.45,4.18,86.95,1.08,26.26,0.65,0.68,0.43,1.33,0.5,0.4,0.4,0.41,0.56,0.93,0.47,0.38,6,30,20664,1687
28133,San Martín de Valdeiglesias,13.14,3.45,10.25,10.25,9.8,9.8,10.79,10.79,7.31,7.31,3.54,3.54,2.61,2.61,3.26,3.26,2.19,2.19,6.76,3.38,5.43,5.79,137.12,1.13,59.72,0.69,0.71,0.69,0.44,0.56,0.51,0.44,0.62,0.71,0.59,0.52,0.54,3,25,9120,1802
28135,Santa María de la Alameda,20.81,4.24,113.07,113.07,113.05,113.05,84.72,84.72,96.19,96.19,27.84,27.84,27.84,27.84,22.19,22.19,23.74,23.74,31.23,5.2,7.52,38.88,233.36,6.21,65.02,0.92,0.95,0.59,0.44,0.49,0.46,0.49,0.48,0.65,0.48,0.49,0.54,11,39,1516,1306
28136,Santorcaz,8.63,3.1,8.55,8.55,54.58,54.58,8.56,8.56,47.7,47.7,2.8,2.8,5.88,5.88,2.8,2.8,22.68,22.68,3.21,0.78,16.34,2.82,111.69,0.6,42.27,0.77,0.74,0.6,0.42,0.45,0.39,0.46,0.46,0.42,0.5,0.47,0.45,10,37,998,1506
28137,Santos de la Humosa (Los),13.83,2.62,14.91,13.7,11.0,11.0,18.82,18.82,49.43,49.43,3.7,3.81,2.92,2.92,4.48,4.48,17.8,17.8,6.7,3.5,8.97,11.55,104.4,2.87,37.37,0.77,0.74,0.41,0.67,0.49,0.44,0.51,0.46,0.42,0.49,0.44,0.4,9,35,2797,1209
28138,Serna del Monte (La),6.55,0.6,28.72,28.72,29.63,29.63,17.33,17.33,17.33,17.33,6.73,6.73,6.79,6.79,6.13,6.13,6.13,6.13,40.77,4.35,2.92,3.58,102.78,0.68,52.5,0.77,0.83,0.44,0.5,0.51,0.51,0.44,0.49,0.67,0.51,0.57,0.6,9,35,105,696
28140,Serranillos del Valle,12.68,2.26,4.61,5.37,3.45,3.45,5.78,5.78,26.09,26.09,1.19,1.35,0.96,0.96,1.41,1.41,7.88,7.88,1.33,0.44,5.49,2.95,26.01,0.94,8.84,0.65,0.6,0.43,0.59,0.42,0.45,0.45,0.46,0.58,0.58,0.47,0.5,3,25,4632,1581
28141,Sevilla la Nueva,7.76,2.71,8.19,8.37,5.57,5.57,7.92,8.21,6.26,7.53,2.91,2.82,2.29,2.29,2.83,3.02,3.12,3.25,7.65,1.99,3.58,8.27,104.12,2.74,32.6,0.69,0.67,0.69,0.35,0.46,0.49,0.45,0.4,0.61,0.66,0.45,0.46,3,25,9694,2381
28143,Somosierra,10.5,1.85,73.84,73.84,73.84,73.84,22.83,22.83,22.83,22.83,19.6,19.6,19.6,19.6,13.7,13.7,13.7,13.7,76.32,21.08,2.58,5.58,122.44,2.62,60.07,0.77,0.83,0.44,0.5,0.38,0.37,0.48,0.49,0.68,0.61,0.56,0.6,3,25,98,176
28144,Soto del Real,15.15,3.07,14.91,15.35,25.77,25.77,13.37,13.51,11.49,12.64,4.02,3.6,10.64,10.64,3.66,3.37,2.62,2.71,14.38,4.27,6.17,18.92,102.14,3.74,37.18,0.66,0.65,0.57,0.26,0.54,0.51,0.55,0.44,0.63,0.41,0.55,0.64,3,25,9436,2711
28145,Talamanca de Jarama,4.29,1.6,9.93,10.19,10.37,10.37,9.49,9.49,9.49,9.49,4.14,3.86,4.24,4.24,4.03,4.03,4.03,4.03,3.48,1.54,7.53,3.9,62.83,0.93,19.68,0.94,1.09,0.57,0.44,0.44,0.45,0.49,0.51,0.64,0.48,0.41,0.37,8,34,4526,1707
28146,Tielmes,1.15,0.23,7.62,7.62,8.35,8.35,6.9,6.9,135.19,135.19,2.02,2.02,2.52,2.52,1.52,1.52,7.98,7.98,7.63,3.48,1.92,9.58,101.16,1.82,33.23,0.79,0.86,0.6,0.42,0.57,0.58,0.45,0.48,0.41,0.48,0.49,0.52,4,27,2807,1223
28147,Titulcia,6.87,2.42,3.97,3.97,3.77,3.77,4.18,4.18,28.62,28.62,2.15,2.15,1.08,1.08,3.22,3.22,8.06,8.06,3.07,1.55,5.08,3.15,172.87,0.65,30.35,0.78,0.74,0.45,0.72,0.52,0.49,0.49,0.47,0.4,0.43,0.5,0.55,9,35,1393,1240
28149,Torrejón de la Calzada,4.67,0.68,9.67,10.15,74.41,74.41,8.61,9.61,8.11,9.85,2.67,2.63,7.4,7.4,1.73,2.0,1.64,2.09,4.84,1.48,2.29,8.06,43.8,2.83,7.69,0.65,0.64,0.43,0.59,0.49,0.53,0.46,0.47,0.55,0.47,0.49,0.57,3,25,10366,2244
28150,Torrejón de Velasco,9.55,2.73,4.88,6.82,6.3,6.3,3.45,7.09,68.81,39.76,1.5,2.3,2.02,2.02,0.97,2.44,7.3,5.61,9.02,2.78,3.42,5.58,136.12,1.67,12.18,0.84,0.81,0.43,0.59,0.38,0.41,0.47,0.55,0.56,0.49,0.43,0.42,8,34,4887,2244
28151,Torrelaguna,6.24,1.47,2.34,2.34,32.01,32.01,2.34,2.34,9.86,9.86,0.76,0.76,7.12,7.12,0.76,0.76,2.56,2.56,1.47,0.46,1.17,3.89,106.39,1.17,43.11,0.76,0.86,0.57,0.5,0.54,0.55,0.47,0.59,0.79,0.36,0.5,0.45,10,37,4992,1331
28152,Torrelodones,12.03,4.18,16.99,15.34,44.72,44.72,16.87,17.6,16.44,17.58,5.66,5.52,12.25,12.25,5.47,6.16,5.47,6.3,9.65,3.26,4.73,16.62,105.84,5.76,33.78,0.68,0.46,0.4,0.5,0.58,0.44,0.59,0.45,0.62,0.46,0.57,0.49,3,25,25250,3101
28153,Torremocha de Jarama,14.39,4.34,8.36,8.36,8.73,8.73,25.04,25.04,29.41,29.41,2.87,2.87,3.02,3.02,8.23,8.23,8.69,8.69,9.46,3.27,8.5,12.36,147.74,3.77,49.83,1.17,1.27,0.44,0.5,0.53,0.53,0.47,0.48,0.5,0.39,0.51,0.5,10,37,1134,3004
28154,Torres de la Alameda,22.61,5.62,17.47,17.47,16.01,16.01,20.75,20.75,22.9,22.9,4.45,4.45,3.97,3.97,5.18,5.18,5.5,5.5,13.59,2.76,2.81,13.38,119.27,2.36,29.97,0.69,0.76,0.42,0.67,0.48,0.57,0.47,0.51,0.6,0.39,0.54,0.6,3,25,7742,1547
28155,Valdaracete,14.13,20.4,4.85,4.85,7.37,7.37,2.33,2.33,14.26,14.26,0.91,0.91,1.5,1.5,0.32,0.32,12.58,12.58,99.6,9.3,8.67,5.05,104.46,0.83,44.43,0.78,0.74,0.6,0.42,0.45,0.46,0.46,0.53,0.47,0.63,0.52,0.56,8,34,653,576
28156,Valdeavero,15.37,2.3,10.55,10.55,48.62,48.62,10.54,10.54,52.02,52.02,2.54,2.54,17.11,17.11,2.54,2.54,15.17,15.17,11.46,3.58,19.55,10.12,115.48,1.76,39.05,0.78,0.62,0.44,0.44,0.53,0.49,0.49,0.47,0.43,0.69,0.47,0.49,10,37,1817,1521
28157,Valdelaguna,14.92,1.68,2.6,2.6,2.6,2.6,19.57,19.57,24.25,24.25,0.62,0.62,0.62,0.62,8.69,8.69,7.7,7.7,10.5,3.03,8.68,5.82,117.45,1.1,36.37,0.84,0.8,0.6,0.42,0.48,0.47,0.47,0.5,0.44,0.54,0.46,0.42,8,34,1079,878
28158,Valdemanco,10.9,3.33,9.99,9.99,9.99,9.99,33.49,33.49,21.38,21.38,2.87,2.87,2.87,2.87,5.68,5.68,10.37,10.37,11.44,3.04,7.68,14.09,120.52,1.98,47.7,0.83,0.89,0.44,0.5,0.51,0.51,0.53,0.5,0.5,0.39,0.46,0.43,6,30,1065,1618
28159,Valdemaqueda,14.41,2.45,14.04,14.04,14.04,14.04,24.53,24.53,21.75,21.75,3.6,3.6,3.6,3.6,11.46,11.46,10.18,10.18,9.1,2.64,8.71,9.96,125.53,2.01,61.74,0.92,0.95,0.59,0.44,0.47,0.45,0.52,0.48,0.56,0.62,0.5,0.54,3,25,836,1430
28160,Valdemorillo,15.64,6.24,19.87,20.57,18.78,18.78,19.59,21.12,19.59,21.12,5.72,5.48,5.32,5.32,5.94,5.36,5.94,5.36,25.61,5.65,4.25,18.72,120.47,4.44,40.85,0.65,0.64,0.69,0.35,0.47,0.45,0.6,0.55,0.64,0.47,0.51,0.53,4,27,14139,2637
28162,Valdeolmos-Alalpardo,9.18,2.63,14.43,14.16,14.06,14.06,16.83,15.76,30.5,26.55,5.31,4.81,5.36,5.36,5.65,5.35,9.51,8.39,12.81,6.02,8.57,14.82,20.06,2.21,7.96,0.73,0.63,0.57,0.44,0.44,0.44,0.5,0.43,0.59,0.17,0.44,0.5,8,34,4579,2576
28163,Valdepiélagos,12.76,2.7,4.39,4.39,4.39,4.39,44.39,44.39,44.4,44.4,0.77,0.77,0.77,0.77,7.29,7.29,7.29,7.29,6.41,1.35,11.9,4.88,95.86,0.86,24.05,0.92,0.82,0.44,0.44,0.48,0.54,0.47,0.47,0.45,0.99,0.47,0.49,10,37,623,1536
28164,Valdetorres de Jarama,9.97,3.71,8.35,8.35,6.6,6.6,10.09,10.09,10.09,10.09,3.14,3.14,3.34,3.34,2.94,2.94,2.94,2.94,4.87,2.83,5.53,10.75,55.03,3.59,14.12,0.64,0.61,0.57,0.44,0.5,0.59,0.48,0.49,0.61,0.37,0.47,0.5,3,25,5050,1768
28165,Valdilecha,15.58,4.25,11.95,11.95,11.83,11.83,12.07,12.07,12.07,12.07,3.5,3.5,3.47,3.47,3.53,3.53,3.53,3.53,12.07,3.25,9.53,5.3,148.83,1.58,33.45,0.8,0.81,0.64,0.42,0.56,0.62,0.44,0.52,0.61,0.48,0.45,0.48,8,34,3228,1147
28166,Valverde de Alcalá,12.47,2.95,104.85,104.85,88.44,88.44,137.68,137.68,35.06,35.06,9.4,9.4,7.26,7.26,13.68,13.68,12.35,12.35,11.17,3.0,9.98,9.7,115.78,2.43,36.97,0.77,0.73,0.6,0.42,0.5,0.48,0.52,0.46,0.41,0.47,0.44,0.45,7,32,555,1211
28167,Velilla de San Antonio,2.0,1.28,6.18,6.51,31.49,31.49,7.2,7.2,7.27,7.27,3.03,3.06,14.19,14.19,3.58,3.58,2.12,2.12,3.27,2.12,8.33,6.27,75.16,2.52,17.83,0.73,0.79,0.42,0.44,0.44,0.35,0.43,0.44,0.53,0.46,0.55,0.5,3,25,14008,2366
28168,Vellón (El),9.56,2.12,10.28,10.28,7.7,7.7,12.86,12.86,39.16,39.16,3.27,3.27,3.08,3.08,3.45,3.45,6.61,6.61,6.8,2.59,7.16,1.5,131.28,0.83,36.33,0.78,0.85,0.44,0.5,0.56,0.55,0.48,0.53,0.43,0.25,0.45,0.41,6,30,2160,2549
28169,Venturada,11.66,2.34,26.13,26.13,26.26,26.26,25.99,25.99,25.99,25.99,6.54,6.54,5.8,5.8,7.29,7.29,7.29,7.29,14.18,3.29,6.2,19.07,130.72,5.54,38.37,0.77,0.84,0.44,0.5,0.57,0.56,0.57,0.55,0.5,0.41,0.5,0.48,3,25,2577,2109
28170,Villaconejos,3.1,0.72,7.11,7.11,10.9,10.9,3.32,3.32,34.1,34.1,2.23,2.23,3.68,3.68,0.78,0.78,13.12,13.12,8.62,4.17,1.87,4.15,113.19,1.07,38.15,0.91,0.87,0.43,0.72,0.53,0.56,0.45,0.52,0.68,0.6,0.47,0.51,5,28,3487,1463
28171,Villa del Prado,11.29,3.99,8.61,8.61,8.95,8.95,8.28,8.28,11.29,11.29,11.31,11.31,11.26,11.26,11.36,11.36,8.07,8.07,6.48,5.77,3.55,11.83,125.44,9.14,55.47,0.69,0.68,0.69,0.35,0.59,0.65,0.44,0.59,0.69,0.95,0.47,0.5,3,25,7424,1205
28172,Villalbilla,16.63,3.61,37.41,32.07,28.93,28.93,41.55,38.77,29.09,32.76,7.77,6.38,7.24,7.24,8.51,7.95,5.54,6.59,13.62,2.51,2.8,31.45,115.63,8.2,33.34,0.68,0.78,0.42,0.67,0.34,0.44,0.52,0.61,0.6,0.41,0.46,0.41,5,28,17967,2268
28173,Villamanrique de Tajo,9.55,2.51,7.74,7.74,7.74,7.74,23.02,23.02,177.49,177.49,1.97,1.97,1.97,1.97,9.97,9.97,13.25,13.25,3.18,0.7,13.33,2.7,261.0,0.54,44.63,0.93,0.89,0.6,0.42,0.52,0.55,0.48,0.5,0.49,0.97,0.5,0.6,12,40,820,924
28174,Villamanta,9.57,2.5,9.8,9.8,7.79,7.79,11.82,11.82,87.84,87.84,2.33,2.33,1.84,1.84,2.83,2.83,9.51,9.51,9.69,1.94,4.64,17.71,94.65,3.82,35.85,0.78,0.66,0.59,0.35,0.52,0.58,0.46,0.5,0.42,0.71,0.48,0.5,3,25,2855,2795
28175,Villamantilla,13.03,2.62,13.71,13.71,12.25,12.25,15.17,15.17,15.17,15.17,2.61,2.61,2.82,2.82,2.4,2.4,2.4,2.4,6.98,2.68,7.53,10.6,124.98,2.78,37.4,0.78,0.63,0.59,0.35,0.5,0.46,0.54,0.46,0.44,0.79,0.44,0.41,9,35,1620,1539
28176,Villanueva de la Calzada,13.97,4.02,17.6,14.9,30.29,30.29,17.93,19.02,17.72,18.91,5.35,4.52,10.05,10.05,5.55,6.99,5.71,7.08,13.7,4.05,6.06,23.44,17.52,11.63,6.46,0.58,0.7904575163398693,0.4,0.5088815789473684,0.49915032679738564,0.49607843137254903,0.6,0.49392156862745096,0.43,0.5462745098039217,0.55,0.49751633986928107,3,25,23714,3268
28177,Villanueva del Pardillo,5.2,3.12,5.57,5.32,29.11,29.11,4.12,5.69,5.04,7.05,3.27,2.82,12.71,12.71,3.51,3.44,2.3,2.98,10.0,4.54,2.86,9.06,25.75,4.64,11.19,0.64,0.64,0.4,0.68,0.48,0.43,0.53,0.49,0.57,0.22,0.44,0.4,3,25,17994,3092
28178,Villanueva de Perales,9.17,2.82,7.42,7.42,4.43,4.43,10.42,10.42,14.7,14.7,2.88,2.88,2.52,2.52,3.23,3.23,5.12,5.12,3.08,1.65,10.8,4.13,116.48,1.02,36.7,0.79,0.73,0.59,0.35,0.48,0.47,0.54,0.46,0.44,1.1,0.46,0.45,9,35,1718,1429
28179,Villar del Olmo,4.02,0.85,30.12,30.12,30.12,30.12,23.75,23.75,23.75,23.75,6.89,6.89,6.89,6.89,5.11,5.11,5.11,5.11,31.31,7.35,5.78,32.05,163.98,7.29,36.97,1.02,0.98,0.6,0.42,0.53,0.53,0.48,0.5,0.43,0.53,0.49,0.54,6,30,2274,1442
28180,Villarejo de Salvanés,4.5,0.78,7.13,8.14,8.87,8.87,5.74,7.8,9.57,9.67,1.73,2.01,2.17,2.17,1.38,2.14,2.53,2.65,6.88,1.38,4.52,7.25,90.26,1.48,35.48,0.67,0.76,0.64,0.42,0.5,0.52,0.47,0.56,0.67,0.53,0.53,0.55,7,32,7887,1639
28181,Villaviciosa de Odón,29.02,6.09,21.38,19.81,53.58,53.58,21.79,21.68,15.65,19.21,5.8,5.48,14.78,14.78,5.74,6.33,5.71,6.43,11.4,4.06,6.47,26.27,90.94,7.0,22.03,0.65,0.57,0.43,0.6,0.59,0.55,0.63,0.48,0.54,0.38,0.59,0.55,5,28,29294,3241
28182,Villavieja del Lozoya,12.7,3.65,10.93,10.93,10.93,10.93,38.31,38.31,38.31,38.31,2.9,2.9,2.9,2.9,8.45,8.45,8.45,8.45,10.57,2.59,6.72,12.24,146.59,3.08,55.24,0.85,0.92,0.44,0.5,0.47,0.46,0.51,0.47,0.61,0.51,0.46,0.43,9,35,327,2113
28183,Zarzalejo,3.57,1.28,12.84,12.84,14.4,14.4,11.28,11.28,47.24,47.24,3.32,3.32,3.58,3.58,3.05,3.05,16.03,16.03,9.83,2.79,8.97,25.8,148.34,6.3,51.02,0.77,0.7,0.59,0.44,0.54,0.48,0.52,0.46,0.61,0.42,0.49,0.52,3,25,1870,1460
28902,Puentes Viejas,29.74,13.04,34.3,34.3,36.22,36.22,32.38,32.38,27.49,27.49,12.89,12.89,13.18,13.18,12.59,12.59,11.27,11.27,13.13,4.11,10.45,13.28,142.82,3.74,54.58,0.77,0.83,0.44,0.5,0.47,0.46,0.53,0.5,0.55,0.47,0.44,0.4,8,34,774,1263
